,id_acidente,codloga,logradouroA,codlogb,logradouroB,alt_num,referencia,data,cod_acid,tipo_acidente,dp,numero_BO,sentido,pista,automovel,moto,onibus,caminhao,bicicleta,moto_taxi,onibus_fretado,onibus_urbano,microonibus,van,vuc,caminhonete,carreta,jipe,outros,sem_informacao,carroca,princ_a,paiA,princ_b,paiB,cod_distrito,distrito,vit_ferida,vit_morta,local,lat,lon,loc/type,loc/coordinates/0,loc/coordinates/1
2120,D021300061,1356,"ANGELICA, AV",NA,,2627,,07/02/2013 15:00,2,CF,4,1001, , ,0,1,0,0,0,0,0,0,0,0,0,1,0,0,0,0,0,1356,"ANGELICA, AV",NA,,70,SANTA CECILIA,1,0,"ANGELICA, AV 2627 SAO PAULO SP",-23.5546552,-46.6630001,Point,-46.6630001,-23.5546552
6984,D041300124,12165,"LUIS ANTONIO, AV BRIG",NA,,2200,,16/04/2013 12:50,4,AT,5,2032,B, ,0,0,1,0,0,0,0,0,0,0,0,0,0,0,0,0,0,12165,"LUIS ANTONIO, AV BRIG",NA,,7,BELA VISTA,1,0,"LUIS ANTONIO, AV BRIG 2200 SAO PAULO SP",-23.5671224,-46.6487313,Point,-46.6487313,-23.5671224
7605,D041300130,6919,"FAUSTO FERRAZ, RUA DR",NA,,400,,24/04/2013 19:40,2,CO,5,2333, , ,1,0,0,0,1,0,0,0,0,0,0,0,0,0,0,0,0,6919,"FAUSTO FERRAZ, RUA DR",NA,,17,CAMPO LIMPO,1,0,"FAUSTO FERRAZ, RUA DR 400 SAO PAULO SP",-23.5650977,-46.6473233,Point,-46.6473233,-23.5650977
10781,D061300084,5245,"CONSOLACAO, RUA DA",NA,,1970,,07/06/2013 16:00,2,CO,4,4946, , ,1,1,0,0,0,0,0,0,0,0,0,0,0,0,0,0,0,5245,"CONSOLACAO, RUA DA",NA,,26,CONSOLACAO,1,0,"CONSOLACAO, RUA DA 1970 SAO PAULO SP",-23.5526282,-46.6592136,Point,-46.6592136,-23.5526282
10437,D061300198,12165,"LUIS ANTONIO, AV BRIG",NA,,2071,,03/06/2013 12:25,2,CO,78,2899, , ,0,1,0,0,0,0,0,0,0,0,0,0,0,0,0,1,0,12165,"LUIS ANTONIO, AV BRIG",NA,,7,BELA VISTA,1,0,"LUIS ANTONIO, AV BRIG 2071 SAO PAULO SP",-23.5662658,-46.6479313,Point,-46.6479313,-23.5662658
11510,D061300087,2497,"AUGUSTA, RUA",NA,,800,,17/06/2013 08:11,2,QM,4,5279,B, ,0,1,0,0,0,0,0,0,0,0,0,0,0,0,0,0,0,2497,"AUGUSTA, RUA",NA,,26,CONSOLACAO,1,0,"AUGUSTA, RUA 800 SAO PAULO SP",-23.5525016,-46.6535646,Point,-46.6535646,-23.5525016
9371,D051300100,15311,"PAIM, RUA",14804,"NOVE DE JULHO, AV",0,,18/05/2013 16:58,2,QM,4,4212, , ,0,1,0,0,0,0,0,0,0,0,0,0,0,0,0,0,0,14804,"NOVE DE JULHO, AV",15311,"PAIM, RUA",NA,,1,0,"PAIM, RUA SAO PAULO SP &  NOVE DE JULHO, AV SAO PAULO SP",-23.553731,-46.6504681,Point,-46.6504681,-23.553731
5860,D041300086,5245,"CONSOLACAO, RUA DA",NA,,1777,,01/04/2013 14:22,2,CO,4,2391, , ,1,1,0,0,0,0,0,0,0,0,0,0,0,0,0,0,0,5245,"CONSOLACAO, RUA DA",NA,,26,CONSOLACAO,1,0,"CONSOLACAO, RUA DA 1777 SAO PAULO SP",-23.5520161,-46.6575405,Point,-46.6575405,-23.5520161
10164,D051300272,15372,"PAMPLONA, RUA",7306,"FRANCA, AL",0,,29/05/2013 22:10,2,CO,78,4606, , ,2,0,0,0,0,0,0,0,0,0,0,0,0,0,0,0,0,7306,"FRANCA, AL",15372,"PAMPLONA, RUA",44,JARDIM PAULISTA,1,0,"PAMPLONA, RUA SAO PAULO SP &  FRANCA, AL SAO PAULO SP",-23.5702153,-46.6600469,Point,-46.6600469,-23.5702153
6497,D041300292,15372,"PAMPLONA, RUA",NA,,9999,,09/04/2013 12:00,4,AT,78,3080, , ,1,0,0,0,0,0,0,0,0,0,0,0,0,0,0,0,0,15372,"PAMPLONA, RUA",NA,,17,CAMPO LIMPO,1,0,"PAMPLONA, RUA 9999 SAO PAULO SP",-23.5702153,-46.6600469,Point,-46.6600469,-23.5702153
4411,D031300087,5245,"CONSOLACAO, RUA DA",NA,,1759,,12/03/2013 09:01,2,CL,4,1853, , ,3,1,0,0,0,0,0,0,0,0,0,0,0,0,0,0,0,5245,"CONSOLACAO, RUA DA",NA,,26,CONSOLACAO,1,0,"CONSOLACAO, RUA DA 1759 SAO PAULO SP",-23.5519626,-46.6574009,Point,-46.6574009,-23.5519626
6002,D041300089,2497,"AUGUSTA, RUA",NA,,761,,03/04/2013 08:40,2,CO,4,2460, , ,1,1,0,0,0,0,0,0,0,0,0,0,0,0,0,0,0,2497,"AUGUSTA, RUA",NA,,26,CONSOLACAO,2,0,"AUGUSTA, RUA 761 SAO PAULO SP",-23.5523873,-46.6531283,Point,-46.6531283,-23.5523873
5391,D031300268,12165,"LUIS ANTONIO, AV BRIG",NA,,2504,,25/03/2013 16:50,4,AT,78,2358, , ,0,0,0,0,0,0,0,1,0,0,0,0,0,0,0,0,0,12165,"LUIS ANTONIO, AV BRIG",NA,,7,BELA VISTA,1,0,"LUIS ANTONIO, AV BRIG 2504 SAO PAULO SP",-23.5692084,-46.6505306,Point,-46.6505306,-23.5692084
5151,D031300082,33447,"OKUHARA KOEI, VD",NA,,215,,22/03/2013 08:20,2,CO,4,1382, , ,1,1,0,0,0,0,0,0,0,0,0,1,0,0,0,0,0,33447,"OKUHARA KOEI, VD",NA,,34,ITAIM BIBI,1,0,"OKUHARA KOEI, VD 215 SAO PAULO SP",-23.5565149,-46.6652822,Point,-46.6652822,-23.5565149
4872,D031300269,3034,"BELA CINTRA, RUA",NA,,1833,,18/03/2013 13:06,4,AT,78,2388, , ,1,0,0,0,0,0,0,0,0,0,0,0,0,0,0,0,0,3034,"BELA CINTRA, RUA",NA,,26,CONSOLACAO,1,0,"BELA CINTRA, RUA 1833 SAO PAULO SP",-23.5613092,-46.6667884,Point,-46.6667884,-23.5613092
494,D011300086,12165,"LUIS ANTONIO, AV BRIG",NA,,1813,,11/01/2013 15:25,4,AT,5,227, , ,1,0,0,0,0,0,0,0,0,0,0,0,0,0,0,0,0,12165,"LUIS ANTONIO, AV BRIG",NA,,7,BELA VISTA,1,0,"LUIS ANTONIO, AV BRIG 1813 SAO PAULO SP",-23.5642269,-46.6464176,Point,-46.6464176,-23.5642269
6682,D041300103,5245,"CONSOLACAO, RUA DA",NA,,1800,,11/04/2013 20:01,4,AT,4,2907, , ,0,1,0,0,0,0,0,0,0,0,0,0,0,0,0,0,0,5245,"CONSOLACAO, RUA DA",NA,,26,CONSOLACAO,2,0,"CONSOLACAO, RUA DA 1800 SAO PAULO SP",-23.551892,-46.6578707,Point,-46.6578707,-23.551892
10785,D061300063,5245,"CONSOLACAO, RUA DA",NA,,3000,,07/06/2013 16:55,4,AT,3,4323, , ,0,1,0,0,0,0,0,0,0,0,0,0,0,0,0,0,0,5245,"CONSOLACAO, RUA DA",NA,,26,CONSOLACAO,1,0,"CONSOLACAO, RUA DA 3000 SAO PAULO SP",-23.5591845,-46.6667118,Point,-46.6667118,-23.5591845
11442,D061300496,16919,"REBOUCAS, AV",NA,,353,,16/06/2013 03:15,2,CH,14,6164, , ,1,0,0,0,0,0,0,0,0,0,0,0,0,0,0,0,0,16919,"REBOUCAS, AV",NA,,44,JARDIM PAULISTA,1,0,"REBOUCAS, AV 353 SAO PAULO SP",-23.5572679,-46.6660006,Point,-46.6660006,-23.5572679
11443,D061300497,16919,"REBOUCAS, AV",NA,,353,,16/06/2013 03:15,2,QM,14,6166, , ,0,1,0,0,0,0,0,0,0,0,0,0,0,0,0,0,0,16919,"REBOUCAS, AV",NA,,44,JARDIM PAULISTA,1,0,"REBOUCAS, AV 353 SAO PAULO SP",-23.5572679,-46.6660006,Point,-46.6660006,-23.5572679
1906,D021300195,17240,"ROCHA AZEVEDO, AL MIN",NA,,1213,,04/02/2013 11:16,2,CT,78,937, , ,1,1,0,0,0,0,0,0,0,0,0,0,0,0,0,0,0,17240,"ROCHA AZEVEDO, AL MIN",NA,,34,ITAIM BIBI,1,0,"ROCHA AZEVEDO, AL MIN 1213 SAO PAULO SP",-23.5669878,-46.6650671,Point,-46.6650671,-23.5669878
7721,D041301573,19152,"TREZE DE MAIO, LGO",NA,,520,,26/04/2013 13:30,4,AT,11,4653, , ,0,0,0,0,0,0,0,1,0,0,0,0,0,0,0,0,0,19152,"TREZE DE MAIO, LGO",NA,,29,FREGUESIA DO O,1,0,"TREZE DE MAIO, LGO 520 SAO PAULO SP",-23.5577422,-46.6465161,Point,-46.6465161,-23.5577422
7722,D041302238,19152,"TREZE DE MAIO, LGO",NA,,520,,26/04/2013 13:30,4,AT,14,4166, , ,0,0,1,0,0,0,0,0,0,0,0,0,0,0,0,0,0,19152,"TREZE DE MAIO, LGO",NA,,29,FREGUESIA DO O,0,1,"TREZE DE MAIO, LGO 520 SAO PAULO SP",-23.5577422,-46.6465161,Point,-46.6465161,-23.5577422
1785,D021300193,12165,"LUIS ANTONIO, AV BRIG",6651,"ESTADOS UNIDOS, RUA",0,,02/02/2013 12:04,2,CO,78,891, , ,0,1,1,0,0,0,0,0,0,0,0,0,0,0,0,0,0,10629,"ESTENIO ALBUQUERQUE LIMA, AV MAL",12165,"LUIS ANTONIO, AV BRIG",53,MOEMA,1,0,"LUIS ANTONIO, AV BRIG SAO PAULO SP &  ESTADOS UNIDOS, RUA SAO PAULO SP",-23.5699897,-46.6512614,Point,-46.6512614,-23.5699897
9852,D051300135,12165,"LUIS ANTONIO, AV BRIG",19154,"TREZE DE MAIO, RUA",0,,24/05/2013 23:20,2,CO,5,4431, , ,1,1,0,0,0,0,0,0,0,0,0,0,0,0,0,0,0,12165,"LUIS ANTONIO, AV BRIG",19154,"TREZE DE MAIO, RUA",7,BELA VISTA,1,0,"LUIS ANTONIO, AV BRIG SAO PAULO SP &  TREZE DE MAIO, RUA SAO PAULO SP",-23.5699897,-46.6512614,Point,-46.6512614,-23.5699897
11583,D061300522,12165,"LUIS ANTONIO, AV BRIG",3386,"BITENCOURT, RUA MAL",0,,18/06/2013 07:45,2,CO,15,2986, , ,1,0,0,0,0,0,0,0,0,0,0,1,0,0,0,0,0,3386,"BITENCOURT, RUA MAL",12165,"LUIS ANTONIO, AV BRIG",44,JARDIM PAULISTA,1,0,"LUIS ANTONIO, AV BRIG SAO PAULO SP &  BITENCOURT, RUA MAL SAO PAULO SP",-23.5699897,-46.6512614,Point,-46.6512614,-23.5699897
12230,D061300535,12165,"LUIS ANTONIO, AV BRIG",8699,"HENRIQUE MARTINS, RUA",0,,27/06/2013 22:49,2,CO,15,6600, , ,1,1,0,0,0,0,0,0,0,0,0,0,0,0,0,0,0,8699,"HENRIQUE MARTINS, RUA",12165,"LUIS ANTONIO, AV BRIG",53,MOEMA,1,0,"LUIS ANTONIO, AV BRIG SAO PAULO SP &  HENRIQUE MARTINS, RUA SAO PAULO SP",-23.5699897,-46.6512614,Point,-46.6512614,-23.5699897
12241,D061300224,12165,"LUIS ANTONIO, AV BRIG",11078,"JOSE MARIA LISBOA, RUA",0,,28/06/2013 07:22,2,CO,78,5665, , ,0,1,1,0,0,0,0,0,0,0,0,0,0,0,0,0,0,11078,"JOSE MARIA LISBOA, RUA",12165,"LUIS ANTONIO, AV BRIG",44,JARDIM PAULISTA,1,0,"LUIS ANTONIO, AV BRIG SAO PAULO SP &  JOSE MARIA LISBOA, RUA SAO PAULO SP",-23.5699897,-46.6512614,Point,-46.6512614,-23.5699897
4660,D031300266,12165,"LUIS ANTONIO, AV BRIG",15146,"OSORIO DUQUE ESTRADA, RUA",0,,15/03/2013 16:00,4,AT,78,2153,C, ,1,0,0,0,0,0,0,0,0,0,0,0,0,0,0,0,0,12165,"LUIS ANTONIO, AV BRIG",15146,"OSORIO DUQUE ESTRADA, RUA",44,JARDIM PAULISTA,1,0,"LUIS ANTONIO, AV BRIG SAO PAULO SP &  OSORIO DUQUE ESTRADA, RUA SAO PAULO SP",-23.5699897,-46.6512614,Point,-46.6512614,-23.5699897
9249,D051300263,12165,"LUIS ANTONIO, AV BRIG",16010,"PEDROSO, RUA",0,,16/05/2013 19:30,4,AT,78,4146, , ,0,1,0,0,0,0,0,0,0,0,0,0,0,0,0,0,0,12165,"LUIS ANTONIO, AV BRIG",16010,"PEDROSO, RUA",7,BELA VISTA,1,0,"LUIS ANTONIO, AV BRIG SAO PAULO SP &  PEDROSO, RUA SAO PAULO SP",-23.5699897,-46.6512614,Point,-46.6512614,-23.5699897
9806,D051300268,12165,"LUIS ANTONIO, AV BRIG",3581,"BRASIL, AV",0,,24/05/2013 13:09,4,AT,78,4415,B, ,0,0,0,0,0,0,0,1,0,0,0,0,0,0,0,0,0,3581,"BRASIL, AV",12165,"LUIS ANTONIO, AV BRIG",44,JARDIM PAULISTA,1,0,"LUIS ANTONIO, AV BRIG SAO PAULO SP &  BRASIL, AV SAO PAULO SP",-23.5699897,-46.6512614,Point,-46.6512614,-23.5699897
6389,D041300281,12165,"LUIS ANTONIO, AV BRIG",6651,"ESTADOS UNIDOS, RUA",0,,08/04/2013 07:10,2,CO,78,2779, , ,0,1,0,0,0,0,0,0,0,0,0,1,0,0,0,0,0,10629,"ESTENIO ALBUQUERQUE LIMA, AV MAL",12165,"LUIS ANTONIO, AV BRIG",53,MOEMA,1,0,"LUIS ANTONIO, AV BRIG SAO PAULO SP &  ESTADOS UNIDOS, RUA SAO PAULO SP",-23.5699897,-46.6512614,Point,-46.6512614,-23.5699897
6390,D041302216,12165,"LUIS ANTONIO, AV BRIG",6651,"ESTADOS UNIDOS, RUA",0,,08/04/2013 07:10,2,CO,14,3370, , ,1,1,0,0,0,0,0,0,0,0,0,0,0,0,0,0,0,10629,"ESTENIO ALBUQUERQUE LIMA, AV MAL",12165,"LUIS ANTONIO, AV BRIG",53,MOEMA,0,1,"LUIS ANTONIO, AV BRIG SAO PAULO SP &  ESTADOS UNIDOS, RUA SAO PAULO SP",-23.5699897,-46.6512614,Point,-46.6512614,-23.5699897
1579,D011301120,19152,"TREZE DE MAIO, LGO",NA,,468,,30/01/2013 14:26,2,QD,11,1118, , ,0,0,0,0,0,0,0,1,0,0,0,0,0,0,0,0,0,19152,"TREZE DE MAIO, LGO",NA,,29,FREGUESIA DO O,1,0,"TREZE DE MAIO, LGO 468 SAO PAULO SP",-23.5573707,-46.6465522,Point,-46.6465522,-23.5573707
4929,D031300437,12651,"MANUEL DA NOBREGA, RUA",NA,,111,,19/03/2013 10:30,2,CO,36,1509, , ,1,1,0,0,0,0,0,0,0,0,0,0,0,0,0,0,0,12651,"MANUEL DA NOBREGA, RUA",NA,,53,MOEMA,2,0,"MANUEL DA NOBREGA, RUA 111 SAO PAULO SP",-23.5686808,-46.6491168,Point,-46.6491168,-23.5686808
5847,D041300087,5245,"CONSOLACAO, RUA DA",NA,,1700,,01/04/2013 11:54,4,AT,4,2392, , ,1,1,0,0,0,0,0,0,0,0,0,0,0,0,0,0,0,5245,"CONSOLACAO, RUA DA",NA,,26,CONSOLACAO,2,0,"CONSOLACAO, RUA DA 1700 SAO PAULO SP",-23.5514628,-46.6570524,Point,-46.6570524,-23.5514628
8760,D051300087,13984,"MINAS GERAIS, RUA",NA,,136,,10/05/2013 09:45,2,QD,4,3332, , ,0,0,0,0,0,0,0,1,0,0,0,0,0,0,0,0,0,13984,"MINAS GERAIS, RUA",NA,,26,CONSOLACAO,1,0,"MINAS GERAIS, RUA 136 SAO PAULO SP",-23.5536455,-46.6632681,Point,-46.6632681,-23.5536455
3498,D031300106,12165,"LUIS ANTONIO, AV BRIG",NA,,1818,,01/03/2013 06:50,4,AT,5,342, , ,0,1,0,0,0,0,0,0,0,0,0,0,0,0,0,0,0,12165,"LUIS ANTONIO, AV BRIG",NA,,7,BELA VISTA,2,0,"LUIS ANTONIO, AV BRIG 1818 SAO PAULO SP",-23.5627117,-46.6455294,Point,-46.6455294,-23.5627117
3319,D021300209,12165,"LUIS ANTONIO, AV BRIG",NA,,2699,,26/02/2013 09:00,2,QD,78,1538, , ,0,0,0,0,0,0,0,1,0,0,0,0,0,0,0,0,0,12165,"LUIS ANTONIO, AV BRIG",NA,,7,BELA VISTA,1,0,"LUIS ANTONIO, AV BRIG 2699 SAO PAULO SP",-23.5705186,-46.6518114,Point,-46.6518114,-23.5705186
5945,D041300277,2497,"AUGUSTA, RUA",NA,,2700,,02/04/2013 13:48,4,AT,78,2577, , ,0,1,0,0,0,0,0,0,0,0,0,0,0,0,0,0,0,2497,"AUGUSTA, RUA",NA,,26,CONSOLACAO,1,0,"AUGUSTA, RUA 2700 SAO PAULO SP",-23.5644781,-46.6668702,Point,-46.6668702,-23.5644781
1935,D021300058,5245,"CONSOLACAO, RUA DA",NA,,3106,,04/02/2013 18:00,4,AT,4,935, , ,1,0,0,0,0,0,0,0,0,0,0,0,0,0,0,0,0,5245,"CONSOLACAO, RUA DA",NA,,26,CONSOLACAO,1,0,"CONSOLACAO, RUA DA 3106 SAO PAULO SP",-23.5597412,-46.6672954,Point,-46.6672954,-23.5597412
2739,D021300066,14804,"NOVE DE JULHO, AV",NA,,1239,,18/02/2013 06:40,2,QM,4,1223, , ,0,1,0,0,0,0,0,0,0,0,0,0,0,0,0,0,0,14804,"NOVE DE JULHO, AV",NA,,63,PINHEIROS,1,0,"NOVE DE JULHO, AV 1239 SAO PAULO SP",-23.5543736,-46.6482959,Point,-46.6482959,-23.5543736
2800,D021300068,5245,"CONSOLACAO, RUA DA",NA,,1611,,18/02/2013 21:30,2,CT,4,1321, , ,1,0,0,0,0,0,0,0,0,0,0,0,0,0,0,1,0,5245,"CONSOLACAO, RUA DA",NA,,26,CONSOLACAO,1,0,"CONSOLACAO, RUA DA 1611 SAO PAULO SP",-23.5511641,-46.6558165,Point,-46.6558165,-23.5511641
2999,D021300074,17517,"RUI BARBOSA, RUA",19154,"TREZE DE MAIO, RUA",0,,21/02/2013 14:42,4,AT,5,297, , ,0,1,0,0,0,0,0,0,0,0,0,0,0,0,0,0,0,17517,"RUI BARBOSA, RUA",19154,"TREZE DE MAIO, RUA",NA,,1,0,"RUI BARBOSA, RUA SAO PAULO SP &  TREZE DE MAIO, RUA SAO PAULO SP",-23.5607,-46.6452321,Point,-46.6452321,-23.5607
3427,D021300618,46890,"ALEXIOS JAFET (ESTR.CAMPINAS), AV",NA,,1315,,27/02/2013 22:30,4,AT,46,1843, , ,1,0,0,0,0,0,0,0,0,0,0,0,0,0,0,0,0,46890,"ALEXIOS JAFET (ESTR.CAMPINAS), AV",NA,,41,JARAGUA,1,0,"ALEXIOS JAFET (ESTR.CAMPINAS), AV 1315 SAO PAULO SP",-23.5714505,-46.658598,Point,-46.658598,-23.5714505
10257,D051300094,13984,"MINAS GERAIS, RUA",2271,"ARNALDO, AV DR",0,,31/05/2013 17:00,4,AT,4,3887, , ,1,0,0,0,0,0,0,0,0,0,0,0,0,0,0,0,0,2271,"ARNALDO, AV DR",13984,"MINAS GERAIS, RUA",26,CONSOLACAO,1,0,"MINAS GERAIS, RUA SAO PAULO SP &  ARNALDO, AV DR SAO PAULO SP",-23.5527426,-46.6624304,Point,-46.6624304,-23.5527426
7364,D041300142,17517,"RUI BARBOSA, RUA",NA,,618,,21/04/2013 11:39,4,AT,5,3210,C, ,1,0,0,0,0,0,0,0,0,0,0,0,0,0,0,0,0,17517,"RUI BARBOSA, RUA",NA,,17,CAMPO LIMPO,1,0,"RUI BARBOSA, RUA 618 SAO PAULO SP",-23.561014,-46.6451838,Point,-46.6451838,-23.561014
8016,D041300304,11989,"LORENA, AL",NA,,319,,30/04/2013 18:00,2,CO,78,3601, , ,0,1,0,0,0,0,0,0,0,0,0,1,0,0,0,0,0,11989,"LORENA, AL",NA,,44,JARDIM PAULISTA,1,0,"LORENA, AL 319 SAO PAULO SP",-23.5716679,-46.6577044,Point,-46.6577044,-23.5716679
2971,D021300072,5245,"CONSOLACAO, RUA DA",NA,,1600,,21/02/2013 08:40,2,CO,4,1852, , ,0,2,0,0,0,0,0,0,0,0,0,0,0,0,0,0,0,5245,"CONSOLACAO, RUA DA",NA,,26,CONSOLACAO,1,0,"CONSOLACAO, RUA DA 1600 SAO PAULO SP",-23.5509726,-46.6560851,Point,-46.6560851,-23.5509726
12390,D061300112,7285,"FORTALEZA, RUA",16849,"RAMALHO, RUA CONS",0,,30/06/2013 09:30,2,CO,5,5755, , ,3,0,0,0,0,0,0,0,0,0,0,0,0,0,0,0,0,7285,"FORTALEZA, RUA",16849,"RAMALHO, RUA CONS",7,BELA VISTA,2,0,"FORTALEZA, RUA SAO PAULO SP &  RAMALHO, RUA CONS SAO PAULO SP",-23.5598233,-46.6450875,Point,-46.6450875,-23.5598233
4242,D031300126,15656,"PAULISTA, AV",NA,,459,,10/03/2013 05:45,2,CO,5,1881, , ,1,0,0,0,1,0,0,0,0,0,0,0,0,0,0,0,0,15656,"PAULISTA, AV",NA,,7,BELA VISTA,1,0,"PAULISTA, AV 459 SAO PAULO SP",-23.5687005,-46.6481902,Point,-46.6481902,-23.5687005
6265,D041300131,17517,"RUI BARBOSA, RUA",NA,,22,,06/04/2013 07:30,2,CO,5,2698, , ,1,1,0,0,0,0,0,0,0,0,0,0,0,0,0,0,0,17517,"RUI BARBOSA, RUA",NA,,17,CAMPO LIMPO,1,0,"RUI BARBOSA, RUA 22 SAO PAULO SP",-23.5582913,-46.6454516,Point,-46.6454516,-23.5582913
5952,D041300088,5245,"CONSOLACAO, RUA DA",NA,,1560,,02/04/2013 15:08,2,CT,4,2441, , ,1,1,0,0,0,0,0,0,0,0,0,0,0,0,0,0,0,5245,"CONSOLACAO, RUA DA",NA,,26,CONSOLACAO,1,0,"CONSOLACAO, RUA DA 1560 SAO PAULO SP",-23.5508246,-46.6557929,Point,-46.6557929,-23.5508246
10924,D061300104,12690,"MANOEL DUTRA, RUA",17517,"RUI BARBOSA, RUA",0,,09/06/2013 07:40,2,CO,5,4977, , ,1,1,0,0,0,0,0,0,0,0,0,0,0,0,0,0,0,12690,"MANOEL DUTRA, RUA",17517,"RUI BARBOSA, RUA",7,BELA VISTA,1,0,"MANOEL DUTRA, RUA SAO PAULO SP &  RUI BARBOSA, RUA SAO PAULO SP",-23.5555126,-46.646692,Point,-46.646692,-23.5555126
3451,D021300446,16919,"REBOUCAS, AV",NA,,450,,28/02/2013 11:15,2,CO,14,1827, , ,1,1,0,0,0,0,0,0,0,0,0,0,0,0,0,0,0,16919,"REBOUCAS, AV",NA,,44,JARDIM PAULISTA,1,0,"REBOUCAS, AV 450 SAO PAULO SP",-23.5575713,-46.6672891,Point,-46.6672891,-23.5575713
576,D011300189,4160,"CAPANEMA, RUA BR DE",10362,"JOAO MANUEL, RUA PDE",0,,12/01/2013 16:04,2,CO,78,296, , ,1,0,0,0,0,0,0,0,0,0,0,0,0,0,1,0,0,4160,"CAPANEMA, RUA BR DE",10362,"JOAO MANUEL, RUA PDE",44,JARDIM PAULISTA,1,0,"CAPANEMA, RUA BR DE SAO PAULO SP &  JOAO MANUEL, RUA PDE SAO PAULO SP",-23.5675249,-46.6659683,Point,-46.6659683,-23.5675249
11759,D061300080,1497,"ANTONIA DE QUEIROS, RUA DONA",5245,"CONSOLACAO, RUA DA",0,,20/06/2013 17:40,2,CO,4,4296, , ,1,1,0,0,0,0,0,0,0,0,0,0,0,0,0,0,0,1497,"ANTONIA DE QUEIROS, RUA DONA",5245,"CONSOLACAO, RUA DA",26,CONSOLACAO,1,0,"ANTONIA DE QUEIROS, RUA DONA SAO PAULO SP &  CONSOLACAO, RUA DA SAO PAULO SP",-23.5510949,-46.6530739,Point,-46.6530739,-23.5510949
11833,D061300221,4526,"CASA BRANCA, AL",NA,,1177,,21/06/2013 17:00,4,AT,78,5450, , ,0,1,0,0,0,0,0,0,0,0,0,0,0,0,0,0,0,4526,"CASA BRANCA, AL",NA,,44,JARDIM PAULISTA,1,0,"CASA BRANCA, AL 1177 SAO PAULO SP",-23.5697309,-46.6637691,Point,-46.6637691,-23.5697309
5439,D031300095,2271,"ARNALDO, AV DR",NA,,10,,26/03/2013 12:30,4,AT,4,2256, , ,1,0,0,0,0,0,0,0,0,0,0,0,0,0,0,0,0,2271,"ARNALDO, AV DR",NA,,26,CONSOLACAO,1,0,"ARNALDO, AV DR 10 SAO PAULO SP",-23.5559912,-46.6665754,Point,-46.6665754,-23.5559912
7970,D041300140,4503,"CARRAO, RUA CONS",19154,"TREZE DE MAIO, RUA",0,,30/04/2013 06:55,2,CL,5,3112, , ,2,0,0,0,0,0,0,0,0,0,0,0,0,0,0,0,0,4503,"CARRAO, RUA CONS",19154,"TREZE DE MAIO, RUA",7,BELA VISTA,1,0,"CARRAO, RUA CONS SAO PAULO SP &  TREZE DE MAIO, RUA SAO PAULO SP",-23.5577373,-46.6452872,Point,-46.6452872,-23.5577373
60,D011300185,15372,"PAMPLONA, RUA",NA,,1743,,02/01/2013 16:45,4,AT,78,60, , ,1,0,0,0,0,0,0,0,0,0,0,0,0,0,0,0,0,15372,"PAMPLONA, RUA",NA,,17,CAMPO LIMPO,1,0,"PAMPLONA, RUA 1743 SAO PAULO SP",-23.5713366,-46.6611168,Point,-46.6611168,-23.5713366
7719,D041300275,15656,"PAULISTA, AV",NA,,406,,26/04/2013 12:43,2,CO,78,2284, , ,1,1,0,0,0,0,0,0,0,0,0,0,0,0,0,0,0,15656,"PAULISTA, AV",NA,,7,BELA VISTA,1,0,"PAULISTA, AV 406 SAO PAULO SP",-23.5686768,-46.6475859,Point,-46.6475859,-23.5686768
11887,D061300711,46890,"ALEXIOS JAFET (ESTR.CAMPINAS), AV",NA,,1400,,22/06/2013 12:36,4,AT,46,5979, , ,0,1,0,0,0,0,0,0,0,0,0,0,0,0,0,0,0,46890,"ALEXIOS JAFET (ESTR.CAMPINAS), AV",NA,,41,JARAGUA,1,0,"ALEXIOS JAFET (ESTR.CAMPINAS), AV 1400 SAO PAULO SP",-23.5720285,-46.6592023,Point,-46.6592023,-23.5720285
11226,D061300096,6919,"FAUSTO FERRAZ, RUA DR",NA,,52,,13/06/2013 10:13,4,AT,5,3110, , ,0,1,0,0,0,0,0,0,0,0,0,0,0,0,0,0,0,6919,"FAUSTO FERRAZ, RUA DR",NA,,17,CAMPO LIMPO,1,0,"FAUSTO FERRAZ, RUA DR 52 SAO PAULO SP",-23.5661961,-46.6456511,Point,-46.6456511,-23.5661961
7724,D041300299,14804,"NOVE DE JULHO, AV",NA,,3519,,26/04/2013 13:43,4,AT,78,3375, , ,0,1,0,0,0,0,0,0,0,0,0,0,0,0,0,0,0,14804,"NOVE DE JULHO, AV",NA,,63,PINHEIROS,1,0,"NOVE DE JULHO, AV 3519 SAO PAULO SP",-23.5707949,-46.6625327,Point,-46.6625327,-23.5707949